Metric,Precision,Recall,F1 Score
drug,0.7128801431127012,0.8681917211328976,0.7829076620825147
adr,0.5968137254901961,0.8009868421052632,0.6839887640449438
overall,0.6639089968976215,0.8414154652686763,0.7421965317919075
