Metric,Precision,Recall,F1 Score
drug,0.7142857142857143,0.8641304347826086,0.7820954254795869
adr,0.6544428772919605,0.7877758913412564,0.7149460708782742
overall,0.6909989023051591,0.8343273691186216,0.7559291504052837
