Metric,Precision,Recall,F1 Score
drug,0.7175866495507061,0.581081081081081,0.6421596783457783
adr,0.6544428772919605,0.5351787773933102,0.5888324873096445
overall,0.6875,0.559322033898305,0.6168224299065421
